scenario,size,method,success_rate,avg_return,avg_steps_on_success,prep_time_sec,eval_time_sec,total_time_sec
easy,10,CSPReplanning,1.0,6.558333333333334,19.175,0.0,0.2225194999773521,0.2225194999773521
easy,10,ValueIteration,1.0,6.85,19.016666666666666,0.022493625001516193,0.004669832997024059,0.027163457998540252
easy,10,QLearning,1.0,7.016666666666667,18.85,0.09927054200670682,0.005849541019415483,0.1051200830261223
medium,12,CSPReplanning,1.0,-1.0583333333333333,26.891666666666666,0.0,0.43151312501868233,0.43151312501868233
medium,12,ValueIteration,1.0,-0.425,25.958333333333332,0.05245391698554158,0.007220582978334278,0.05967449996387586
medium,12,QLearning,1.0,-0.7833333333333333,26.383333333333333,0.14330224998411722,0.007272582995938137,0.15057483298005536
hard,14,CSPReplanning,0.9916666666666667,-31.708333333333332,38.411764705882355,0.0,1.4760712499846704,1.4760712499846704
hard,14,ValueIteration,1.0,-24.016666666666666,39.016666666666666,0.3219912920030765,0.008908916992368177,0.3309002089954447
hard,14,QLearning,0.0,-58.93333333333333,,0.221327957988251,0.014868833008222282,0.23619679099647328
